<?xml version="1.0" encoding="utf-8"?>
<modification>
  <name>Pagseguro (Checkout transparente)</name>
  <code>oc_pagseguro</code>
  <version>1.0</version>
  <author>Ricardo Vigatti</author>
  <link>https://ricardovigatti.com</link>

  <file path="catalog/controller/checkout/checkout.php">
    <operation>
      <search trim="true"><![CDATA[$this->load->language('checkout/checkout');]]></search>
      <add position="after"><![CDATA[
        if (!$this->config->get('payment_pagseguro_modo_teste')) {
          $this->document->addScript('https://stc.pagseguro.uol.com.br/pagseguro/api/v2/checkout/pagseguro.directpayment.js');
        } else {
          $this->document->addScript('https://stc.sandbox.pagseguro.uol.com.br/pagseguro/api/v2/checkout/pagseguro.directpayment.js');
        }
      ]]></add>
    </operation>
  </file>
</modification>
